Workbook

Sheet 资源档案批量导入示例
A1: 房号 | B1: 业主 | C1: 业主电话 | D1: 面积 | E1: 费用项目 | F1: 项目月标准金额 | G1: 历史欠费 | H1: 欠费周期起 | I1: 欠费周期终 | J1: 预缴金额 | K1: 已缴金额 | L1: 减免金额 | M1: 会计归属期
A2: =[1]物业费收费明细!B4 -> 1-1-201 | B2: =[1]物业费收费明细!C4 -> 高露露 | C2: 13814755333 | D2: =[1]物业费收费明细!G4 -> 128.79 | E2: 物业费 | F2: =ROUND([1]物业费收费明细!K4/12,2) -> 183.27 | G2: =F2*6 -> 1099.62 | H2: 45870 | I2: 46053
A3: =[1]物业费收费明细!B5 -> 1-1-202 | B3: =[1]物业费收费明细!C5 -> 刘铮铮 | C3: 13775235079 | D3: =[1]物业费收费明细!G5 -> 129.13 | E3: 物业费 | F3: =ROUND([1]物业费收费明细!K5/12,2) -> 183.75 | G3: =F3*6 -> 1102.5 | H3: 45870 | I3: 46053
A4: =[1]物业费收费明细!B6 -> 1-1-301 | B4: =[1]物业费收费明细!C6 -> 刘爱娟 | C4: 15312500982 | D4: =[1]物业费收费明细!G6 -> 128.79 | E4: 物业费 | F4: =ROUND([1]物业费收费明细!K6/12,2) -> 184.68 | G4: =F4*6 -> 1108.08 | H4: 45870 | I4: 46053
A5: =[1]物业费收费明细!B7 -> 1-1-302 | B5: =[1]物业费收费明细!C7 -> 余梅珍 | C5: 13961278176 | D5: =[1]物业费收费明细!G7 -> 129.13 | E5: 物业费 | F5: =ROUND([1]物业费收费明细!K7/12,2) -> 185.17 | G5: =F5*6 -> 1111.02 | H5: 45870 | I5: 46053
A6: =[1]物业费收费明细!B8 -> 1-1-401 | B6: =[1]物业费收费明细!C8 -> 陈敏 潘荣兵 | C6: 13915889977 | D6: =[1]物业费收费明细!G8 -> 128.79 | E6: 物业费 | F6: =ROUND([1]物业费收费明细!K8/12,2) -> 186.1 | G6: =F6*6 -> 1116.6 | H6: 45870 | I6: 46053
A7: =[1]物业费收费明细!B9 -> 1-1-402 | B7: =[1]物业费收费明细!C9 -> 刘阿生 | C7: 18021988925 | D7: =[1]物业费收费明细!G9 -> 129.13 | E7: 物业费 | F7: =ROUND([1]物业费收费明细!K9/12,2) -> 186.59 | G7: =F7*6 -> 1119.54 | H7: 45870 | I7: 46053
A8: =[1]物业费收费明细!B10 -> 1-1-501 | B8: =[1]物业费收费明细!C10 -> 宁科 蒋敏 | C8: 15851911398 | D8: =[1]物业费收费明细!G10 -> 128.79 | E8: 物业费 | F8: =ROUND([1]物业费收费明细!K10/12,2) -> 187.52 | G8: =F8*6 -> 1125.12 | H8: 45870 | I8: 46053
A9: =[1]物业费收费明细!B11 -> 1-1-502 | B9: =[1]物业费收费明细!C11 -> 蒋学军 | C9: 17712773716 | D9: =[1]物业费收费明细!G11 -> 129.13 | E9: 物业费 | F9: =ROUND([1]物业费收费明细!K11/12,2) -> 188.01 | G9: =F9*6 -> 1128.06 | H9: 45870 | I9: 46053
A10: =[1]物业费收费明细!B12 -> 1-1-601 | B10: =[1]物业费收费明细!C12 -> 夏林保* | D10: =[1]物业费收费明细!G12 -> 128.79 | E10: 物业费 | F10: =ROUND([1]物业费收费明细!K12/12,2) -> 188.93 | G10: =F10*6 -> 1133.58 | H10: 45870 | I10: 46053
A11: =[1]物业费收费明细!B13 -> 1-1-602 | B11: =[1]物业费收费明细!C13 -> 陶荣福 | C11: 15190504386 | D11: =[1]物业费收费明细!G13 -> 129.13 | E11: 物业费 | F11: =ROUND([1]物业费收费明细!K13/12,2) -> 189.43 | G11: =F11*6 -> 1136.58 | H11: 45870 | I11: 46053
A12: =[1]物业费收费明细!B14 -> 1-1-701 | B12: =[1]物业费收费明细!C14 -> 戴朝琪* | C12: 15195085267 | D12: =[1]物业费收费明细!G14 -> 128.79 | E12: 物业费 | F12: =ROUND([1]物业费收费明细!K14/12,2) -> 190.35 | G12: =F12*6 -> 1142.1 | H12: 45870 | I12: 46053
A13: =[1]物业费收费明细!B15 -> 1-1-702 | B13: =[1]物业费收费明细!C15 -> 石建芳 | C13: 13815096068 | D13: =[1]物业费收费明细!G15 -> 129.13 | E13: 物业费 | F13: =ROUND([1]物业费收费明细!K15/12,2) -> 190.85 | G13: =F13*6 -> 1145.1 | H13: 45870 | I13: 46053
A14: =[1]物业费收费明细!B16 -> 1-1-801 | B14: =[1]物业费收费明细!C16 -> 秦立平 | C14: 13961273842 | D14: =[1]物业费收费明细!G16 -> 128.79 | E14: 物业费 | F14: =ROUND([1]物业费收费明细!K16/12,2) -> 191.77 | G14: =F14*6 -> 1150.62 | H14: 45870 | I14: 46053
A15: =[1]物业费收费明细!B17 -> 1-1-802 | B15: =[1]物业费收费明细!C17 -> 史健芳 | C15: 13814779653 | D15: =[1]物业费收费明细!G17 -> 129.13 | E15: 物业费 | F15: =ROUND([1]物业费收费明细!K17/12,2) -> 192.27 | G15: =F15*6 -> 1153.62 | H15: 45870 | I15: 46053
A16: =[1]物业费收费明细!B18 -> 1-1-901 | B16: =[1]物业费收费明细!C18 -> 戴华 | C16: 13196448888 | D16: =[1]物业费收费明细!G18 -> 128.79 | E16: 物业费 | F16: =ROUND([1]物业费收费明细!K18/12,2) -> 193.19 | G16: =F16*6 -> 1159.14 | H16: 45870 | I16: 46053
A17: =[1]物业费收费明细!B19 -> 1-1-902 | B17: =[1]物业费收费明细!C19 -> 王超 | C17: 15861116056 | D17: =[1]物业费收费明细!G19 -> 129.13 | E17: 物业费 | F17: =ROUND([1]物业费收费明细!K19/12,2) -> 193.7 | G17: =F17*6 -> 1162.2 | H17: 45870 | I17: 46053
A18: =[1]物业费收费明细!B20 -> 1-1-1001 | B18: =[1]物业费收费明细!C20 -> 周哲宇 | C18: 13961485096 | D18: =[1]物业费收费明细!G20 -> 128.79 | E18: 物业费 | F18: =ROUND([1]物业费收费明细!K20/12,2) -> 194.6 | G18: =F18*6 -> 1167.6 | H18: 45870 | I18: 46053

Sheet Sheet1
